--planes_specifications
INSERT INTO planes_specifications VALUES('Су-27', 2430,6000, 1200,7);
INSERT INTO planes_specifications VALUES('Су-34', 1400,8000, 2250,2);
INSERT INTO planes_specifications VALUES('МиГ-29', 2400,3000, 1430,5);
INSERT INTO planes_specifications VALUES('Су-25', 950,4340, 700,11);
INSERT INTO planes_specifications VALUES('Су-30СМ', 2350,8000, 1500,10);
--pilots info
INSERT INTO pilot_info VALUES(0, '2020-08-25', 3, '2020-05-04');
INSERT INTO pilot_info VALUES(1, '2021-10-04', 4, '2021-04-02');
INSERT INTO pilot_info VALUES(2, '2020-04-24', 1, '2020-10-18');
INSERT INTO pilot_info VALUES(3, '2020-11-24', 8, '2020-08-09');
INSERT INTO pilot_info VALUES(4, '2020-01-10', 3, '2021-05-01');
INSERT INTO pilot_info VALUES(5, '2021-07-18', 2, '2021-03-08');
INSERT INTO pilot_info VALUES(6, '2020-10-16', 3, '2020-11-11');
INSERT INTO pilot_info VALUES(7, '2020-04-06', 12, '2020-08-24');
INSERT INTO pilot_info VALUES(8, '2020-07-02', 11, '2021-09-04');
INSERT INTO pilot_info VALUES(9, '2021-11-04', 10, '2020-03-03');
INSERT INTO pilot_info VALUES(10, '2020-09-23', 11, '2020-12-23');
INSERT INTO pilot_info VALUES(11, '2020-08-21', 11, '2021-08-24');
INSERT INTO pilot_info VALUES(12, '2020-08-28', 5, '2020-06-23');
INSERT INTO pilot_info VALUES(13, '2021-05-22', 2, '2021-12-12');
INSERT INTO pilot_info VALUES(14, '2020-08-04', 9, '2020-03-21');
INSERT INTO pilot_info VALUES(15, '2021-05-16', 1, '2020-05-06');
INSERT INTO pilot_info VALUES(16, '2020-02-23', 9, '2020-10-23');
INSERT INTO pilot_info VALUES(17, '2021-06-08', 11, '2021-09-23');
INSERT INTO pilot_info VALUES(18, '2021-02-15', 1, '2020-11-24');
INSERT INTO pilot_info VALUES(19, '2020-11-25', 8, '2020-01-16');
INSERT INTO pilot_info VALUES(20, '2021-10-04', 8, '2020-06-23');
INSERT INTO pilot_info VALUES(21, '2020-04-01', 9, '2021-04-09');
INSERT INTO pilot_info VALUES(22, '2021-08-19', 11, '2020-04-01');
INSERT INTO pilot_info VALUES(23, '2021-04-02', 7, '2020-07-01');
INSERT INTO pilot_info VALUES(24, '2021-05-12', 8, '2021-03-27');
INSERT INTO pilot_info VALUES(25, '2020-01-07', 3, '2020-12-03');
INSERT INTO pilot_info VALUES(26, '2020-04-24', 1, '2020-02-02');
INSERT INTO pilot_info VALUES(27, '2020-05-12', 3, '2020-03-28');
INSERT INTO pilot_info VALUES(28, '2021-10-19', 9, '2021-02-22');
INSERT INTO pilot_info VALUES(29, '2020-03-15', 2, '2021-05-25');
--pilots
INSERT INTO pilots VALUES(0, 'Прохоров Юрий Сергеевич', 'Военный лётчик 1-го класса', '1');
INSERT INTO pilots VALUES(1, 'Томинин Иван Львович', 'Военный лётчик 2-го класса', '0');
INSERT INTO pilots VALUES(2, 'Хованский Артём Сергеевич', 'Военный лётчик-снайпер', '0');
INSERT INTO pilots VALUES(3, 'Иванов Лев Дмитревич', 'Военный лётчик 3-го класса', '1');
INSERT INTO pilots VALUES(4, 'Прохоров Павел Дмитревич', 'Военный лётчик 3-го класса', '0');
INSERT INTO pilots VALUES(5, 'Томинин Иван Иванович', 'Военный лётчик 3-го класса', '0');
INSERT INTO pilots VALUES(6, 'Дудоров Артём Сергеевич', 'Военный лётчик-снайпер', '1');
INSERT INTO pilots VALUES(7, 'Иванов Павел Леонидович', 'Военный лётчик 2-го класса', '1');
INSERT INTO pilots VALUES(8, 'Большегуб Павел Артёмович', 'Военный лётчик 2-го класса', '1');
INSERT INTO pilots VALUES(9, 'Жолобов Михаил Леонидович', 'Военный лётчик 3-го класса', '0');
INSERT INTO pilots VALUES(10, 'Большегуб Михаил Сергеевич', 'Военный лётчик 1-го класса', '1');
INSERT INTO pilots VALUES(11, 'Иванов Михаил Артёмович', 'Военный лётчик 2-го класса', '1');
INSERT INTO pilots VALUES(12, 'Лопатин Павел Львович', 'Военный лётчик 3-го класса', '1');
INSERT INTO pilots VALUES(13, 'Прохоров Пётр Дмитревич', 'Военный лётчик 1-го класса', '1');
INSERT INTO pilots VALUES(14, 'Матошко Александр Петрович', 'Военный лётчик 2-го класса', '1');
INSERT INTO pilots VALUES(15, 'Прохоров Михаил Леонидович', 'Военный лётчик 3-го класса', '1');
INSERT INTO pilots VALUES(16, 'Прохоров Андрей Дмитревич', 'Военный лётчик 3-го класса', '1');
INSERT INTO pilots VALUES(17, 'Жолобов Лев Петрович', 'Военный лётчик-снайпер', '0');
INSERT INTO pilots VALUES(18, 'Томинин Иван Леонидович', 'Военный лётчик 1-го класса', '1');
INSERT INTO pilots VALUES(19, 'Жолобов Пётр Алексеевич', 'Военный лётчик 1-го класса', '1');
INSERT INTO pilots VALUES(20, 'Прохоров Михаил Алексеевич', 'Военный лётчик 2-го класса', '1');
INSERT INTO pilots VALUES(21, 'Лопатин Андрей Алексеевич', 'Военный лётчик 3-го класса', '0');
INSERT INTO pilots VALUES(22, 'Тепляков Пётр Юрьевич', 'Военный лётчик 3-го класса', '0');
INSERT INTO pilots VALUES(23, 'Томинин Павел Дмитревич', 'Военный лётчик 1-го класса', '1');
INSERT INTO pilots VALUES(24, 'Матошко Павел Львович', 'Военный лётчик 2-го класса', '1');
INSERT INTO pilots VALUES(25, 'Лопатин Михаил Львович', 'Военный лётчик 2-го класса', '1');
INSERT INTO pilots VALUES(26, 'Матошко Андрей Дмитревич', 'Военный лётчик 3-го класса', '1');
INSERT INTO pilots VALUES(27, 'Томинин Алексей Дмитревич', 'Военный лётчик-снайпер', '1');
INSERT INTO pilots VALUES(28, 'Хованский Александр Артёмович', 'Военный лётчик 2-го класса', '0');
INSERT INTO pilots VALUES(29, 'Томинин Артём Петрович', 'Военный лётчик 3-го класса', '0');
--engineer
INSERT INTO engineer VALUES(0, 'Томинин Андрей Львович', 3);
INSERT INTO engineer VALUES(1, 'Иванов Иван Юрьевич', 4);
INSERT INTO engineer VALUES(2, 'Хованский Юрий Алексеевич', 4);
INSERT INTO engineer VALUES(3, 'Дудоров Иван Дмитревич', 1);
INSERT INTO engineer VALUES(4, 'Матошко Павел Иванович', 4);
INSERT INTO engineer VALUES(5, 'Иванов Артём Сергеевич', 4);
INSERT INTO engineer VALUES(6, 'Прохоров Юрий Артёмович', 2);
INSERT INTO engineer VALUES(7, 'Жолобов Иван Петрович', 1);
INSERT INTO engineer VALUES(8, 'Матошко Юрий Алексеевич', 1);
INSERT INTO engineer VALUES(9, 'Лопатин Михаил Иванович', 3);
INSERT INTO engineer VALUES(10, 'Дудоров Александр Львович', 1);
INSERT INTO engineer VALUES(11, 'Тепляков Лев Петрович', 2);
INSERT INTO engineer VALUES(12, 'Жолобов Андрей Петрович', 1);
INSERT INTO engineer VALUES(13, 'Жолобов Александр Иванович', 4);
INSERT INTO engineer VALUES(14, 'Жолобов Лев Юрьевич', 2);
INSERT INTO engineer VALUES(15, 'Матошко Пётр Петрович', 4);
INSERT INTO engineer VALUES(16, 'Томинин Андрей Сергеевич', 1);
INSERT INTO engineer VALUES(17, 'Прохоров Алексей Сергеевич', 3);
INSERT INTO engineer VALUES(18, 'Прохоров Алексей Юрьевич', 3);
INSERT INTO engineer VALUES(19, 'Матошко Пётр Юрьевич', 1);
INSERT INTO engineer VALUES(20, 'Большегуб Михаил Иванович', 1);
INSERT INTO engineer VALUES(21, 'Лопатин Лев Львович', 3);
INSERT INTO engineer VALUES(22, 'Иванов Артём Сергеевич', 3);
INSERT INTO engineer VALUES(23, 'Матошко Павел Львович', 4);
INSERT INTO engineer VALUES(24, 'Матошко Пётр Львович', 2);
INSERT INTO engineer VALUES(25, 'Тепляков Леонид Сергеевич', 3);
INSERT INTO engineer VALUES(26, 'Тепляков Леонид Петрович', 1);
INSERT INTO engineer VALUES(27, 'Жолобов Александр Юрьевич', 1);
INSERT INTO engineer VALUES(28, 'Лопатин Алексей Дмитревич', 1);
INSERT INTO engineer VALUES(29, 'Хованский Михаил Львович', 4);
INSERT INTO engineer VALUES(30, 'Томинин Алексей Иванович', 2);
INSERT INTO engineer VALUES(31, 'Иванов Леонид Артёмович', 4);
INSERT INTO engineer VALUES(32, 'Тепляков Юрий Львович', 4);
INSERT INTO engineer VALUES(33, 'Хованский Леонид Петрович', 1);
INSERT INTO engineer VALUES(34, 'Прохоров Александр Иванович', 1);
INSERT INTO engineer VALUES(35, 'Иванов Алексей Иванович', 2);
INSERT INTO engineer VALUES(36, 'Тепляков Павел Дмитревич', 4);
INSERT INTO engineer VALUES(37, 'Жолобов Юрий Иванович', 4);
INSERT INTO engineer VALUES(38, 'Иванов Леонид Дмитревич', 3);
INSERT INTO engineer VALUES(39, 'Большегуб Юрий Львович', 4);
--engineer_work_schedule
INSERT INTO engineer_work_schedule VALUES(0, 'Пятница');
INSERT INTO engineer_work_schedule VALUES(0, 'Четверг');
INSERT INTO engineer_work_schedule VALUES(0, 'Среда');
INSERT INTO engineer_work_schedule VALUES(1, 'Понедельник');
INSERT INTO engineer_work_schedule VALUES(1, 'Воскресенье');
INSERT INTO engineer_work_schedule VALUES(1, 'Среда');
INSERT INTO engineer_work_schedule VALUES(2, 'Пятница');
INSERT INTO engineer_work_schedule VALUES(2, 'Понедельник');
INSERT INTO engineer_work_schedule VALUES(2, 'Среда');
INSERT INTO engineer_work_schedule VALUES(3, 'Воскресенье');
INSERT INTO engineer_work_schedule VALUES(3, 'Понедельник');
INSERT INTO engineer_work_schedule VALUES(3, 'Вторник');
INSERT INTO engineer_work_schedule VALUES(4, 'Четверг');
INSERT INTO engineer_work_schedule VALUES(4, 'Среда');
INSERT INTO engineer_work_schedule VALUES(4, 'Понедельник');
INSERT INTO engineer_work_schedule VALUES(5, 'Пятница');
INSERT INTO engineer_work_schedule VALUES(5, 'Вторник');
INSERT INTO engineer_work_schedule VALUES(5, 'Понедельник');
INSERT INTO engineer_work_schedule VALUES(6, 'Суббота');
INSERT INTO engineer_work_schedule VALUES(6, 'Вторник');
INSERT INTO engineer_work_schedule VALUES(6, 'Воскресенье');
INSERT INTO engineer_work_schedule VALUES(7, 'Среда');
INSERT INTO engineer_work_schedule VALUES(7, 'Четверг');
INSERT INTO engineer_work_schedule VALUES(7, 'Вторник');
INSERT INTO engineer_work_schedule VALUES(8, 'Суббота');
INSERT INTO engineer_work_schedule VALUES(8, 'Воскресенье');
INSERT INTO engineer_work_schedule VALUES(8, 'Среда');
INSERT INTO engineer_work_schedule VALUES(9, 'Суббота');
INSERT INTO engineer_work_schedule VALUES(9, 'Четверг');
INSERT INTO engineer_work_schedule VALUES(9, 'Пятница');
INSERT INTO engineer_work_schedule VALUES(10, 'Воскресенье');
INSERT INTO engineer_work_schedule VALUES(10, 'Вторник');
INSERT INTO engineer_work_schedule VALUES(10, 'Четверг');
INSERT INTO engineer_work_schedule VALUES(11, 'Суббота');
INSERT INTO engineer_work_schedule VALUES(11, 'Среда');
INSERT INTO engineer_work_schedule VALUES(11, 'Пятница');
INSERT INTO engineer_work_schedule VALUES(12, 'Понедельник');
INSERT INTO engineer_work_schedule VALUES(12, 'Суббота');
INSERT INTO engineer_work_schedule VALUES(12, 'Воскресенье');
INSERT INTO engineer_work_schedule VALUES(13, 'Суббота');
INSERT INTO engineer_work_schedule VALUES(13, 'Пятница');
INSERT INTO engineer_work_schedule VALUES(13, 'Понедельник');
INSERT INTO engineer_work_schedule VALUES(14, 'Четверг');
INSERT INTO engineer_work_schedule VALUES(14, 'Суббота');
INSERT INTO engineer_work_schedule VALUES(14, 'Воскресенье');
INSERT INTO engineer_work_schedule VALUES(15, 'Среда');
INSERT INTO engineer_work_schedule VALUES(15, 'Суббота');
INSERT INTO engineer_work_schedule VALUES(15, 'Воскресенье');
INSERT INTO engineer_work_schedule VALUES(16, 'Пятница');
INSERT INTO engineer_work_schedule VALUES(16, 'Среда');
INSERT INTO engineer_work_schedule VALUES(16, 'Вторник');
INSERT INTO engineer_work_schedule VALUES(17, 'Понедельник');
INSERT INTO engineer_work_schedule VALUES(17, 'Воскресенье');
INSERT INTO engineer_work_schedule VALUES(17, 'Вторник');
INSERT INTO engineer_work_schedule VALUES(18, 'Вторник');
INSERT INTO engineer_work_schedule VALUES(18, 'Пятница');
INSERT INTO engineer_work_schedule VALUES(18, 'Воскресенье');
INSERT INTO engineer_work_schedule VALUES(19, 'Воскресенье');
INSERT INTO engineer_work_schedule VALUES(19, 'Среда');
INSERT INTO engineer_work_schedule VALUES(19, 'Вторник');
INSERT INTO engineer_work_schedule VALUES(20, 'Вторник');
INSERT INTO engineer_work_schedule VALUES(20, 'Пятница');
INSERT INTO engineer_work_schedule VALUES(20, 'Воскресенье');
INSERT INTO engineer_work_schedule VALUES(21, 'Четверг');
INSERT INTO engineer_work_schedule VALUES(21, 'Пятница');
INSERT INTO engineer_work_schedule VALUES(21, 'Вторник');
INSERT INTO engineer_work_schedule VALUES(22, 'Четверг');
INSERT INTO engineer_work_schedule VALUES(22, 'Среда');
INSERT INTO engineer_work_schedule VALUES(22, 'Воскресенье');
INSERT INTO engineer_work_schedule VALUES(23, 'Воскресенье');
INSERT INTO engineer_work_schedule VALUES(23, 'Среда');
INSERT INTO engineer_work_schedule VALUES(23, 'Пятница');
INSERT INTO engineer_work_schedule VALUES(24, 'Четверг');
INSERT INTO engineer_work_schedule VALUES(24, 'Суббота');
INSERT INTO engineer_work_schedule VALUES(24, 'Понедельник');
INSERT INTO engineer_work_schedule VALUES(25, 'Воскресенье');
INSERT INTO engineer_work_schedule VALUES(25, 'Среда');
INSERT INTO engineer_work_schedule VALUES(25, 'Вторник');
INSERT INTO engineer_work_schedule VALUES(26, 'Четверг');
INSERT INTO engineer_work_schedule VALUES(26, 'Вторник');
INSERT INTO engineer_work_schedule VALUES(26, 'Пятница');
INSERT INTO engineer_work_schedule VALUES(27, 'Вторник');
INSERT INTO engineer_work_schedule VALUES(27, 'Пятница');
INSERT INTO engineer_work_schedule VALUES(27, 'Четверг');
INSERT INTO engineer_work_schedule VALUES(28, 'Воскресенье');
INSERT INTO engineer_work_schedule VALUES(28, 'Среда');
INSERT INTO engineer_work_schedule VALUES(28, 'Четверг');
INSERT INTO engineer_work_schedule VALUES(29, 'Вторник');
INSERT INTO engineer_work_schedule VALUES(29, 'Пятница');
INSERT INTO engineer_work_schedule VALUES(29, 'Суббота');
INSERT INTO engineer_work_schedule VALUES(30, 'Пятница');
INSERT INTO engineer_work_schedule VALUES(30, 'Вторник');
INSERT INTO engineer_work_schedule VALUES(30, 'Воскресенье');
INSERT INTO engineer_work_schedule VALUES(31, 'Вторник');
INSERT INTO engineer_work_schedule VALUES(31, 'Четверг');
INSERT INTO engineer_work_schedule VALUES(31, 'Суббота');
INSERT INTO engineer_work_schedule VALUES(32, 'Воскресенье');
INSERT INTO engineer_work_schedule VALUES(32, 'Понедельник');
INSERT INTO engineer_work_schedule VALUES(32, 'Пятница');
INSERT INTO engineer_work_schedule VALUES(33, 'Воскресенье');
INSERT INTO engineer_work_schedule VALUES(33, 'Четверг');
INSERT INTO engineer_work_schedule VALUES(33, 'Среда');
INSERT INTO engineer_work_schedule VALUES(34, 'Вторник');
INSERT INTO engineer_work_schedule VALUES(34, 'Среда');
INSERT INTO engineer_work_schedule VALUES(34, 'Понедельник');
INSERT INTO engineer_work_schedule VALUES(35, 'Четверг');
INSERT INTO engineer_work_schedule VALUES(35, 'Пятница');
INSERT INTO engineer_work_schedule VALUES(35, 'Воскресенье');
INSERT INTO engineer_work_schedule VALUES(36, 'Пятница');
INSERT INTO engineer_work_schedule VALUES(36, 'Понедельник');
INSERT INTO engineer_work_schedule VALUES(36, 'Суббота');
INSERT INTO engineer_work_schedule VALUES(37, 'Понедельник');
INSERT INTO engineer_work_schedule VALUES(37, 'Четверг');
INSERT INTO engineer_work_schedule VALUES(37, 'Пятница');
INSERT INTO engineer_work_schedule VALUES(38, 'Суббота');
INSERT INTO engineer_work_schedule VALUES(38, 'Четверг');
INSERT INTO engineer_work_schedule VALUES(38, 'Пятница');
INSERT INTO engineer_work_schedule VALUES(39, 'Понедельник');
INSERT INTO engineer_work_schedule VALUES(39, 'Суббота');
INSERT INTO engineer_work_schedule VALUES(39, 'Вторник');
--planes
INSERT INTO planes VALUES(0, 'Су-30СМ', 12, 116, '2021-07-13', '1', '0');
INSERT INTO planes VALUES(1, 'Су-27', 23, 370, '2020-05-04', '0', '1');
INSERT INTO planes VALUES(2, 'Су-30СМ', 14, 317, '2021-06-23', '0', '0');
INSERT INTO planes VALUES(3, 'Су-30СМ', 33, 33, '2020-10-07', '0', '1');
INSERT INTO planes VALUES(4, 'Су-27', 31, 69, '2021-11-21', '1', '0');
INSERT INTO planes VALUES(5, 'Су-34', 3, 652, '2021-07-25', '1', '0');
INSERT INTO planes VALUES(6, 'МиГ-29', 22, 346, '2021-01-01', '0', '1');
INSERT INTO planes VALUES(7, 'Су-27', 39, 916, '2021-05-21', '1', '0');
INSERT INTO planes VALUES(8, 'Су-27', 37, 983, '2020-03-28', '1', '0');
INSERT INTO planes VALUES(9, 'МиГ-29', 33, 404, '2020-06-19', '0', '0');
INSERT INTO planes VALUES(10, 'Су-34', 29, 367, '2021-09-27', '0', '1');
INSERT INTO planes VALUES(11, 'Су-27', 22, 60, '2020-11-07', '0', '0');
INSERT INTO planes VALUES(12, 'МиГ-29', 33, 739, '2020-06-26', '0', '0');
INSERT INTO planes VALUES(13, 'Су-34', 12, 168, '2021-07-09', '0', '0');
INSERT INTO planes VALUES(14, 'Су-34', 23, 868, '2021-09-14', '0', '0');
INSERT INTO planes VALUES(15, 'Су-25', 12, 206, '2020-07-28', '0', '0');
INSERT INTO planes VALUES(16, 'Су-25', 32, 324, '2020-04-10', '1', '1');
INSERT INTO planes VALUES(17, 'МиГ-29', 26, 344, '2021-03-03', '1', '1');
INSERT INTO planes VALUES(18, 'Су-30СМ', 39, 847, '2021-09-11', '0', '0');
INSERT INTO planes VALUES(19, 'Су-34', 16, 542, '2021-01-25', '0', '1');
INSERT INTO planes VALUES(20, 'Су-30СМ', 28, 817, '2021-09-26', '1', '1');
INSERT INTO planes VALUES(21, 'МиГ-29', 25, 713, '2020-04-09', '1', '1');
INSERT INTO planes VALUES(22, 'МиГ-29', 32, 334, '2020-01-16', '0', '0');
INSERT INTO planes VALUES(23, 'Су-30СМ', 15, 932, '2021-06-12', '0', '1');
INSERT INTO planes VALUES(24, 'МиГ-29', 25, 339, '2021-08-05', '1', '0');
INSERT INTO planes VALUES(25, 'Су-25', 18, 18, '2021-04-22', '0', '1');
INSERT INTO planes VALUES(26, 'Су-27', 14, 955, '2020-12-15', '0', '1');
INSERT INTO planes VALUES(27, 'Су-25', 26, 469, '2021-04-03', '1', '0');
INSERT INTO planes VALUES(28, 'Су-25', 19, 161, '2021-01-05', '1', '0');
INSERT INTO planes VALUES(29, 'Су-30СМ', 1, 533, '2020-11-11', '0', '1');
INSERT INTO planes VALUES(30, 'Су-34', 6, 645, '2020-09-08', '1', '0');
INSERT INTO planes VALUES(31, 'Су-34', 26, 908, '2020-02-01', '1', '0');
INSERT INTO planes VALUES(32, 'Су-27', 37, 803, '2020-11-24', '1', '0');
INSERT INTO planes VALUES(33, 'Су-34', 13, 62, '2020-03-25', '0', '0');
INSERT INTO planes VALUES(34, 'Су-34', 1, 688, '2021-12-07', '0', '0');
INSERT INTO planes VALUES(35, 'Су-34', 19, 888, '2021-04-27', '1', '1');
INSERT INTO planes VALUES(36, 'Су-30СМ', 18, 571, '2021-04-18', '1', '1');
INSERT INTO planes VALUES(37, 'Су-34', 29, 272, '2021-07-05', '0', '1');
INSERT INTO planes VALUES(38, 'Су-25', 25, 399, '2020-05-19', '1', '0');
INSERT INTO planes VALUES(39, 'МиГ-29', 8, 658, '2020-09-21', '0', '0');
--weapon_on_planes
INSERT INTO weapon_on_planes VALUES(1, 'Р-27Т(ЭТ)', 3);
INSERT INTO weapon_on_planes VALUES(1, 'Р-60М', 1);
INSERT INTO weapon_on_planes VALUES(2, 'Р-27Р(ЭР)', 1);
INSERT INTO weapon_on_planes VALUES(3, 'Б-8М1', 3);
INSERT INTO weapon_on_planes VALUES(3, 'Р-27Р(ЭР)', 1);
INSERT INTO weapon_on_planes VALUES(5, 'Р-73', 1);
INSERT INTO weapon_on_planes VALUES(5, 'Р-60М', 3);
INSERT INTO weapon_on_planes VALUES(7, 'Б-8М1', 2);
INSERT INTO weapon_on_planes VALUES(8, 'Р-60М', 2);
INSERT INTO weapon_on_planes VALUES(8, 'ОФАБ-250-270', 2);
INSERT INTO weapon_on_planes VALUES(9, 'Р-27Р(ЭР)', 1);
INSERT INTO weapon_on_planes VALUES(9, 'Б-8М1', 3);
INSERT INTO weapon_on_planes VALUES(10, 'Р-60М', 1);
INSERT INTO weapon_on_planes VALUES(10, 'Б-8М1', 1);
INSERT INTO weapon_on_planes VALUES(10, 'ОФАБ-250-270', 3);
INSERT INTO weapon_on_planes VALUES(11, 'ОФАБ-250-270', 1);
INSERT INTO weapon_on_planes VALUES(12, 'Р-27Р(ЭР)', 1);
INSERT INTO weapon_on_planes VALUES(13, 'Р-77', 2);
INSERT INTO weapon_on_planes VALUES(14, 'БКО «Талисман»', 1);
INSERT INTO weapon_on_planes VALUES(15, 'ОФАБ-250-270', 1);
INSERT INTO weapon_on_planes VALUES(15, 'Р-77', 3);
INSERT INTO weapon_on_planes VALUES(15, 'Р-73', 3);
INSERT INTO weapon_on_planes VALUES(17, 'ФАБ-500М62', 2);
INSERT INTO weapon_on_planes VALUES(17, 'Р-27Р(ЭР)', 3);
INSERT INTO weapon_on_planes VALUES(19, 'ФАБ-500М62', 3);
INSERT INTO weapon_on_planes VALUES(20, 'Р-77', 3);
INSERT INTO weapon_on_planes VALUES(20, 'ФАБ-500М62', 3);
INSERT INTO weapon_on_planes VALUES(21, 'ФАБ-500М62', 2);
INSERT INTO weapon_on_planes VALUES(21, 'Р-60М', 2);
INSERT INTO weapon_on_planes VALUES(21, 'Р-27Р(ЭР)', 3);
INSERT INTO weapon_on_planes VALUES(22, 'Р-77', 1);
INSERT INTO weapon_on_planes VALUES(23, 'Р-73', 2);
INSERT INTO weapon_on_planes VALUES(24, 'Р-27Т(ЭТ)', 3);
INSERT INTO weapon_on_planes VALUES(24, 'ОФАБ-250-270', 2);
INSERT INTO weapon_on_planes VALUES(25, 'БКО «Талисман»', 2);
INSERT INTO weapon_on_planes VALUES(26, 'Р-60М', 3);
INSERT INTO weapon_on_planes VALUES(26, 'Р-27Т(ЭТ)', 3);
INSERT INTO weapon_on_planes VALUES(26, 'Б-8М1', 3);
INSERT INTO weapon_on_planes VALUES(29, 'БКО «Талисман»', 1);
INSERT INTO weapon_on_planes VALUES(29, 'ОФАБ-250-270', 3);
INSERT INTO weapon_on_planes VALUES(30, 'Р-27Р(ЭР)', 2);
INSERT INTO weapon_on_planes VALUES(30, 'Р-60М', 2);
INSERT INTO weapon_on_planes VALUES(31, 'БКО «Талисман»', 3);
INSERT INTO weapon_on_planes VALUES(31, 'Б-8М1', 3);
INSERT INTO weapon_on_planes VALUES(32, 'ОФАБ-250-270', 1);
INSERT INTO weapon_on_planes VALUES(32, 'Б-8М1', 2);
INSERT INTO weapon_on_planes VALUES(32, 'Р-77', 1);
INSERT INTO weapon_on_planes VALUES(34, 'Р-77', 3);
INSERT INTO weapon_on_planes VALUES(34, 'Б-8М1', 3);
INSERT INTO weapon_on_planes VALUES(34, 'Р-27Т(ЭТ)', 3);
INSERT INTO weapon_on_planes VALUES(35, 'Р-27Т(ЭТ)', 3);
INSERT INTO weapon_on_planes VALUES(35, 'БКО «Талисман»', 2);
INSERT INTO weapon_on_planes VALUES(35, 'Р-60М', 2);
INSERT INTO weapon_on_planes VALUES(36, 'Р-73', 3);
INSERT INTO weapon_on_planes VALUES(37, 'Б-8М1', 3);
INSERT INTO weapon_on_planes VALUES(37, 'Р-27Т(ЭТ)', 2);
INSERT INTO weapon_on_planes VALUES(37, 'БКО «Талисман»', 3);
INSERT INTO weapon_on_planes VALUES(38, 'Р-60М', 1);
INSERT INTO weapon_on_planes VALUES(38, 'Р-77', 2);
INSERT INTO weapon_on_planes VALUES(39, 'Р-27Р(ЭР)', 1);
INSERT INTO weapon_on_planes VALUES(39, 'Р-27Т(ЭТ)', 3);
--plane_repair_history
INSERT INTO plane_repair_history VALUES('2020-06-17 04:17:19', 23, 34, 'проведён небольшой ремонт');
INSERT INTO plane_repair_history VALUES('2021-12-10 10:56:07', 22, 13, 'отлажена бортовая система');
INSERT INTO plane_repair_history VALUES('2021-04-02 04:11:25', 31, 11, 'проведён небольшой ремонт');
INSERT INTO plane_repair_history VALUES('2020-02-18 15:37:45', 15, 35, 'покраска');
INSERT INTO plane_repair_history VALUES('2021-09-13 09:31:23', 35, 37, 'покраска');
INSERT INTO plane_repair_history VALUES('2020-05-03 07:32:29', 5, 3, 'покраска');
INSERT INTO plane_repair_history VALUES('2021-04-15 06:35:02', 29, 17, 'отлажена бортовая система');
INSERT INTO plane_repair_history VALUES('2020-03-11 02:03:11', 11, 8, 'замена колеса');
INSERT INTO plane_repair_history VALUES('2020-02-25 12:14:10', 34, 9, 'проведён небольшой ремонт');
INSERT INTO plane_repair_history VALUES('2020-06-07 13:24:40', 39, 25, 'покраска');
INSERT INTO plane_repair_history VALUES('2021-09-05 21:07:13', 37, 28, 'проведён небольшой ремонт');
INSERT INTO plane_repair_history VALUES('2021-02-09 22:31:26', 16, 4, 'покраска');
INSERT INTO plane_repair_history VALUES('2020-12-02 20:22:56', 11, 1, 'боеготов');
INSERT INTO plane_repair_history VALUES('2021-05-22 15:55:18', 7, 18, 'покраска');
INSERT INTO plane_repair_history VALUES('2020-04-20 21:51:49', 20, 28, 'покраска');
INSERT INTO plane_repair_history VALUES('2020-08-18 17:22:06', 1, 11, 'проведён небольшой ремонт');
INSERT INTO plane_repair_history VALUES('2021-12-17 19:24:58', 10, 36, 'проведён небольшой ремонт');
INSERT INTO plane_repair_history VALUES('2021-04-13 13:13:53', 0, 7, 'помыт');
INSERT INTO plane_repair_history VALUES('2020-05-05 07:21:14', 34, 31, 'отлажена бортовая система');
INSERT INTO plane_repair_history VALUES('2021-09-28 13:03:34', 15, 36, 'покраска');
INSERT INTO plane_repair_history VALUES('2020-04-11 08:03:24', 7, 29, 'покраска');
INSERT INTO plane_repair_history VALUES('2020-10-23 07:02:48', 30, 9, 'отлажена бортовая система');
INSERT INTO plane_repair_history VALUES('2020-11-18 18:24:50', 4, 33, 'помыт');
INSERT INTO plane_repair_history VALUES('2021-06-14 03:15:42', 10, 8, 'отлажена бортовая система');
INSERT INTO plane_repair_history VALUES('2020-08-23 11:59:26', 31, 15, 'помыт');
INSERT INTO plane_repair_history VALUES('2021-09-08 15:52:29', 20, 36, 'проведён небольшой ремонт');
INSERT INTO plane_repair_history VALUES('2020-06-10 08:49:42', 4, 38, 'проведён небольшой ремонт');
INSERT INTO plane_repair_history VALUES('2020-02-16 08:58:58', 8, 33, 'отлажена бортовая система');
INSERT INTO plane_repair_history VALUES('2020-09-10 16:06:58', 15, 17, 'помыт');
INSERT INTO plane_repair_history VALUES('2020-04-04 05:22:59', 31, 30, 'замена колеса');
INSERT INTO plane_repair_history VALUES('2020-02-01 18:40:56', 7, 12, 'проведён небольшой ремонт');
INSERT INTO plane_repair_history VALUES('2021-02-04 14:56:16', 33, 5, 'замена колеса');
INSERT INTO plane_repair_history VALUES('2021-08-05 15:51:37', 30, 14, 'боеготов');
INSERT INTO plane_repair_history VALUES('2020-01-15 06:44:23', 36, 13, 'боеготов');
INSERT INTO plane_repair_history VALUES('2020-05-02 01:50:16', 29, 15, 'проведён небольшой ремонт');
INSERT INTO plane_repair_history VALUES('2020-09-14 19:47:28', 11, 10, 'отлажена бортовая система');
INSERT INTO plane_repair_history VALUES('2020-11-06 21:15:03', 21, 34, 'боеготов');
INSERT INTO plane_repair_history VALUES('2020-03-17 15:20:45', 24, 28, 'проведён небольшой ремонт');
INSERT INTO plane_repair_history VALUES('2021-02-26 00:54:21', 14, 23, 'помыт');
INSERT INTO plane_repair_history VALUES('2021-08-22 11:24:30', 33, 11, 'проведён небольшой ремонт');
INSERT INTO plane_repair_history VALUES('2020-09-21 15:51:16', 18, 16, 'покраска');
INSERT INTO plane_repair_history VALUES('2020-04-26 16:51:59', 37, 13, 'проведён небольшой ремонт');
INSERT INTO plane_repair_history VALUES('2021-09-17 18:30:04', 15, 28, 'покраска');
INSERT INTO plane_repair_history VALUES('2020-06-12 02:39:25', 26, 35, 'отлажена бортовая система');
INSERT INTO plane_repair_history VALUES('2021-09-07 18:57:23', 9, 17, 'проведён небольшой ремонт');
INSERT INTO plane_repair_history VALUES('2021-03-16 02:31:37', 12, 15, 'боеготов');
INSERT INTO plane_repair_history VALUES('2021-08-06 20:22:47', 2, 16, 'покраска');
INSERT INTO plane_repair_history VALUES('2021-04-08 04:36:33', 32, 38, 'отлажена бортовая система');
INSERT INTO plane_repair_history VALUES('2020-12-21 07:39:49', 0, 1, 'отлажена бортовая система');
INSERT INTO plane_repair_history VALUES('2021-01-25 01:51:19', 21, 0, 'боеготов');
